knee_angle,hip_angle,left_knee,right_knee,filename,frame
179.70882805621073,175.19826279211253,179.33263071065102,179.85276685482333,Squat.mp4,0
179.66518493200195,174.87795352724024,178.67597389351772,179.5778986835844,Squat.mp4,1
179.4980004148063,174.58452805380182,177.6244416326384,178.99644686321935,Squat.mp4,2
179.3899739654528,174.4114738179406,177.47731082993886,178.95786816803874,Squat.mp4,3
179.31391862767137,174.30349253238003,177.52813375353176,178.93364193876428,Squat.mp4,4
179.25741538739436,174.22876905250038,177.88300375140125,178.91839594573239,Squat.mp4,5
179.15728958614588,173.9623786296016,178.07882902520194,178.86400864885846,Squat.mp4,6
178.97513622049934,173.81042681767354,177.9344534419283,178.57769329529762,Squat.mp4,7
178.78037879475343,173.70933650118045,177.78410414864646,178.2145967033633,Squat.mp4,8
178.65485558554016,173.67828765414092,177.66931493333138,178.1177843987264,Squat.mp4,9
178.54199260388168,173.67614150471263,177.21748975706157,178.16782729642927,Squat.mp4,10
178.4341331946604,173.67802195399113,177.0428095029703,178.17862607421543,Squat.mp4,11
178.34002079936445,173.71148375318802,177.30933475611718,178.25960917866072,Squat.mp4,12
178.24588226092882,173.76206302090782,177.41080550825353,178.20503887980917,Squat.mp4,13
178.17784219825373,173.83030171398474,177.56565581115083,178.10141285657193,Squat.mp4,14
178.14398222108295,173.92627818649567,177.52147293593808,177.97757686316743,Squat.mp4,15
178.12544390131296,174.054353876334,177.32758457236326,177.98801616033657,Squat.mp4,16
178.10243173031216,174.1776073126613,177.21512081403233,178.00674209942406,Squat.mp4,17
178.08521817654392,174.30783458773354,177.18034595223995,178.0581311978374,Squat.mp4,18
178.0573674532373,174.41220555071396,177.16084657543703,178.06465411551468,Squat.mp4,19
178.04459528214696,174.5090190893436,177.0511657632082,178.11563368217665,Squat.mp4,20
178.04882000801285,174.5950102915262,176.9060489564794,178.13098593763308,Squat.mp4,21
178.06627765624415,174.67937314656157,176.79541282328805,178.09978040078664,Squat.mp4,22
178.06941145616116,174.71272567497888,176.58110252494453,178.00995275975572,Squat.mp4,23
178.05892553209543,174.69308188585654,176.33012057946044,177.933340630964,Squat.mp4,24
178.03423134137756,174.61902773557102,176.17907565560347,177.88527186281217,Squat.mp4,25
178.02731841439734,174.56237840117547,176.12482755135088,178.01626362665314,Squat.mp4,26
178.01862850629678,174.51631414735093,176.18681869121355,178.0548043254725,Squat.mp4,27
178.03992945868686,174.53505951411128,176.80047336370356,178.28009260436366,Squat.mp4,28
178.1481225242815,174.70721758020167,178.06258982622978,178.85713185994905,Squat.mp4,29
178.31015478658884,174.9774911828957,179.27056637047315,179.14417859590753,Squat.mp4,30
178.56941439615716,175.57862947472864,179.51359227579798,179.74815789794232,Squat.mp4,31
178.71271363235974,176.27506543203134,179.66897952546918,178.88836651623012,Squat.mp4,32
178.6594538470786,176.65157586516816,179.8855039908887,177.6434451296851,Squat.mp4,33
178.2442327228341,176.39495317200627,178.56341028125738,175.14825645576104,Squat.mp4,34
177.18417699046768,175.13523309858562,175.98494818917987,170.85970247779858,Squat.mp4,35
175.42719785492434,173.00002554246413,171.78333132562352,166.55827791114578,Squat.mp4,36
172.90430362026737,169.9809107803458,167.5753598376892,161.48391895330852,Squat.mp4,37
169.35700381691552,165.6773299894123,161.40785875898692,154.91705927447947,Squat.mp4,38
164.8449439590458,160.10479397529906,154.11802519998125,147.30394751114204,Squat.mp4,39
159.33209457313305,153.7289535098842,147.11798261263732,139.053499428296,Squat.mp4,40
152.93657355429312,146.87837908315086,137.6763190656135,130.37960932388162,Squat.mp4,41
146.36028961797754,140.17706579294602,132.17917182829808,124.8257149235894,Squat.mp4,42
139.69241328763152,133.33354862598716,126.85901326623085,119.8831435987237,Squat.mp4,43
132.9414537461365,126.48936961170389,119.27592665586292,114.2272021628433,Squat.mp4,44
126.35307198111205,119.96459458102765,112.73198727428954,108.79838691930829,Squat.mp4,45
120.28484806142959,113.98835546429108,105.48761396633935,104.82638007336487,Squat.mp4,46
115.04260178615439,108.68245846515573,102.26743878909565,102.35777550136959,Squat.mp4,47
110.49405597702437,103.77620816543865,97.50331033797022,98.53978865997152,Squat.mp4,48
106.31724734176116,99.05688530812095,94.19959415095809,95.588054476747,Squat.mp4,49
102.266218955785,94.57123212225115,89.13876875938399,91.5259448968904,Squat.mp4,50
98.42011339068674,90.39660613807847,87.1075174497879,87.30446320715555,Squat.mp4,51
94.72418798925123,86.45292200442086,83.1917380010197,82.92690910925967,Squat.mp4,52
91.12263679123154,82.78558731841584,78.72046838054831,79.61552168722704,Squat.mp4,53
87.2912435325311,79.13274808700568,75.33295564464294,75.53802269046656,Squat.mp4,54
83.52897462977128,75.77583600464429,72.78533074739562,72.2039063406528,Squat.mp4,55
79.76883892466277,72.55961960667891,70.05315559472979,69.26710454098742,Squat.mp4,56
76.09930532993232,69.53209650872984,67.38256996272156,65.83920973377724,Squat.mp4,57
72.635998160514,66.33036644640141,64.67498143823946,63.061313021227306,Squat.mp4,58
69.37453857300144,63.18476245620353,61.62482236876707,60.09669199667172,Squat.mp4,59
66.13395020483112,59.875482328920235,59.375110830241454,56.93140311003481,Squat.mp4,60
63.13715039740523,56.60051384573219,57.166247874316696,54.56042403848534,Squat.mp4,61
60.231064765440635,53.429709595007395,56.47374993689595,51.86130691690062,Squat.mp4,62
57.56832467066855,50.63341284033964,55.05449138299505,50.627923877582816,Squat.mp4,63
55.25752091397221,48.182961172674176,54.024188898078286,49.663583436902854,Squat.mp4,64
53.22214654676183,46.258541427871194,53.219064486969884,48.813692450754615,Squat.mp4,65
51.425967610291195,44.5506024716734,52.024680009006424,47.52343944137732,Squat.mp4,66
49.98872834397331,43.278259251705265,49.31680089455434,46.87072824580957,Squat.mp4,67
48.772177531667914,42.31948268635217,48.37082992450561,46.04456835234758,Squat.mp4,68
47.959186307159946,41.692432864616194,47.377544102021396,46.17036834534484,Squat.mp4,69
47.28808896629869,41.16902819271481,46.47894191427306,45.93024249155397,Squat.mp4,70
46.70662358423852,40.69740079904649,45.64992384603132,45.59332576248171,Squat.mp4,71
46.18588193094753,40.31687747725376,45.168378466593694,45.16850087771769,Squat.mp4,72
45.79304488542629,40.10035147875697,44.99396326229245,44.773580122728696,Squat.mp4,73
45.46119110906778,40.02362160382419,44.77204503628642,44.547751811299975,Squat.mp4,74
45.212604866928,40.0201790573122,44.731469667301845,44.30446465736909,Squat.mp4,75
44.94218782675815,40.008840571039684,44.761390235064304,44.27744906415592,Squat.mp4,76
44.71592588123656,40.02712971444942,44.74093144897792,44.346408872902856,Squat.mp4,77
44.5569591457535,40.08671117337606,44.977406627666824,44.480558614100225,Squat.mp4,78
44.46476264448605,40.22034213546198,45.106411180246084,44.52312536884564,Squat.mp4,79
44.43771462951059,40.373623880654904,45.33126294273278,44.58424401790043,Squat.mp4,80
44.58467539294293,40.634702915090934,46.93746674530911,45.57647715532633,Squat.mp4,81
45.1364691306343,41.20938848914684,49.849772544590415,48.16702082120872,Squat.mp4,82
45.999572339059526,41.77388934412064,52.31989732974363,50.31917152313247,Squat.mp4,83
47.462997950252436,42.77961277804421,55.05121893110396,54.59038815125325,Squat.mp4,84
49.484035103295085,44.19500154625359,58.461353308422474,58.62781868539878,Squat.mp4,85
52.046037249963895,46.01258421824374,63.27848387718751,62.45714039552729,Squat.mp4,86
55.0721254825628,48.38780904561679,67.14024008922541,65.7668616460927,Squat.mp4,87
58.580898876117395,51.16766968236568,73.58858827171082,70.13789091020857,Squat.mp4,88
62.321298355496296,54.3375585100792,78.05614159639117,74.349817176861,Squat.mp4,89
66.45361269358388,58.135731833292596,81.36076155322797,79.24537188974557,Squat.mp4,90
70.77466053067359,62.191798484450636,85.91606547986328,84.83772301088118,Squat.mp4,91
75.20776043645391,66.59428893410082,91.74291430570668,89.65951802586113,Squat.mp4,92
79.81301788609893,71.30564136069574,95.48271903951547,94.69394254304245,Squat.mp4,93
84.77122704072804,76.12406245254174,100.00448578823693,100.47432572849635,Squat.mp4,94
89.96604890416758,81.30679574190262,110.0802689268742,106.50164395428547,Squat.mp4,95
95.64798588112917,86.68233151427897,117.82628339201133,114.12337601559202,Squat.mp4,96
101.58281426446072,92.49485384187939,125.9009342112276,120.78917057306649,Squat.mp4,97
107.8934827523677,98.82174775828483,134.70501591271545,129.01240242622998,Squat.mp4,98
114.64904302875877,105.66574643108005,143.11722278274686,136.9484399605985,Squat.mp4,99
121.65515580467418,112.81404038855636,152.48194989405536,143.73673197445046,Squat.mp4,100
128.86435978489533,120.36858591686652,157.37776969127543,150.93875359004437,Squat.mp4,101
136.36313086378,128.57781903259675,165.3302727240233,158.99304150647808,Squat.mp4,102
144.11824753952934,137.22216681869057,172.47500167772935,168.4091927458374,Squat.mp4,103
151.9336504235875,145.7858221277854,178.70058456484102,175.49699076147354,Squat.mp4,104
159.19416902551737,153.69639980337868,178.41893850332266,179.8360326397393,Squat.mp4,105
165.22636670512392,160.4670297970119,177.79514101293958,179.17382371784453,Squat.mp4,106
170.3211490091581,166.40304428444537,178.2095178726324,179.4002081026896,Squat.mp4,107
174.37637618979508,171.36323464557282,178.47812199241412,179.32534385450288,Squat.mp4,108
177.30320759740943,174.8263623316549,178.40209533110342,179.48086135977854,Squat.mp4,109
178.84857504220176,176.9687697206687,178.85955674167175,179.22676485938413,Squat.mp4,110
179.42952769221387,178.0576138873289,179.70036187541737,179.56365931155835,Squat.mp4,111
179.3876081672268,178.5631353781526,179.75388043598107,179.5425959648297,Squat.mp4,112
179.42163475752588,178.98854711786126,179.31309788210578,179.41200984993796,Squat.mp4,113
179.3990289977001,179.27933309680742,179.08236224074133,179.2419677839092,Squat.mp4,114
179.34762548700795,179.36797649531087,179.0434856468676,178.96551927965785,Squat.mp4,115
179.26449020928732,179.37813575571064,178.71290631778712,178.8989144157339,Squat.mp4,116
179.2070023691647,179.35894611421364,178.8033271830767,178.8243499785259,Squat.mp4,117
179.1076369064627,179.36536060291468,178.6982610656736,178.86810107264424,Squat.mp4,118
179.02602781113956,179.3664871512139,178.52382745495777,178.97133229756795,Squat.mp4,119
178.97697757130737,179.33342136038354,178.44247028908455,179.06865817111265,Squat.mp4,120
178.9542789178722,179.23963914270874,178.3635332556864,179.08307720986264,Squat.mp4,121
178.97506051759893,179.2338912737573,178.42711018357545,179.1109904777451,Squat.mp4,122
179.01264777997707,179.25698349815974,178.51600659722277,179.16202525238117,Squat.mp4,123
179.06557752524944,179.29685233984816,178.51159020911183,179.1948581954323,Squat.mp4,124
179.11755210762158,179.3628971253669,178.79774733613814,179.2319231492493,Squat.mp4,125
179.1574671929856,179.42254630292427,178.92645259018056,179.25073789511592,Squat.mp4,126
179.18629295195325,179.46934710899427,179.06168143670936,179.27043848388635,Squat.mp4,127
179.2180614037307,179.52142040665234,179.11825066223133,179.305456372305,Squat.mp4,128
179.2774642737233,179.61252058849985,179.30947276534903,179.52681056769305,Squat.mp4,129
179.27197367139914,179.42758358428927,179.80695919647167,179.12359103611212,Squat.mp4,130
178.88797958686106,178.8284756810662,178.23863971543437,176.50689960366572,Squat.mp4,131
177.93679308799045,177.60809441131852,175.9454641596723,172.57361765715515,Squat.mp4,132
176.31692885202847,175.54503233195734,172.45058057833333,167.911688243382,Squat.mp4,133
174.22793435832935,172.769418052773,169.95712996429015,164.6474770279924,Squat.mp4,134
171.45951107069453,169.0831804110021,168.0100988096165,159.92649335886108,Squat.mp4,135
168.11625930715476,164.6677577683302,164.69496466971623,156.12404822291498,Squat.mp4,136
164.1089856785866,159.64688388699173,159.58517690130796,151.07267563613473,Squat.mp4,137
159.83788472733502,154.2306960647698,154.524036258299,146.60919294490486,Squat.mp4,138
155.02160610921078,148.4412446079534,148.65380441723715,138.85966733028542,Squat.mp4,139
149.81275173061886,142.41999049452082,139.4352019605596,131.4497075932386,Squat.mp4,140
144.28349831863608,136.34144247012102,133.6154993892363,125.94270314411284,Squat.mp4,141
138.68391597072448,130.3365947810444,129.21271201228706,120.72941692347976,Squat.mp4,142
132.9901292305211,124.43423661611406,122.46964635316453,116.2675410414914,Squat.mp4,143
127.21674094170177,118.83043996215237,117.19553087115509,110.65895761439944,Squat.mp4,144
121.4865414850261,113.40726587253106,108.9974918083256,106.49779674817509,Squat.mp4,145
116.54920306152444,108.52572552894857,105.26121780154219,104.29829836577395,Squat.mp4,146
112.22936807109603,104.3074596126189,99.65992120658166,101.21086266023974,Squat.mp4,147
108.15261973006002,100.24416309169636,95.40073676924794,97.40546475686085,Squat.mp4,148
104.2083399110575,96.37555159201051,90.84166381266743,93.11945819046201,Squat.mp4,149
100.1523227209881,92.51360345565509,87.20454334417093,87.87542071100546,Squat.mp4,150
96.41502840183742,88.81863091553136,84.59898835965032,84.49789738034485,Squat.mp4,151
92.79024033578892,85.30253492152274,79.40290177169516,81.12428028583565,Squat.mp4,152
88.89386211573492,81.87698323373802,75.15637522258208,77.02365082539592,Squat.mp4,153
84.86605396781236,78.40164659926761,73.18562016546468,73.01620562478172,Squat.mp4,154
80.95260687009684,75.17956120656287,71.15384047723921,70.01133507285232,Squat.mp4,155
77.28791297427269,72.15069044431117,69.82437227137615,67.46660091969284,Squat.mp4,156
73.96760001372324,69.21586199065983,67.01517025341639,64.6332299871595,Squat.mp4,157
70.67611720861927,66.39412917267609,63.28046825911963,61.45751774461701,Squat.mp4,158
67.61017309834132,63.75575357075038,61.66766977510679,59.66267151388996,Squat.mp4,159
64.70646865921182,61.1542357659842,59.19764530101952,56.697719751489444,Squat.mp4,160
62.049279405672266,58.6736566357434,56.761494974467105,54.41588085000478,Squat.mp4,161
59.54328948844232,56.40261656960941,55.810256095813685,52.4694056522427,Squat.mp4,162
57.12269179041925,54.34519876818798,53.97339091141066,50.52241703353138,Squat.mp4,163
54.91228007984024,52.60747265394973,51.95514205435507,49.160348013106386,Squat.mp4,164
52.952936424231616,50.93936311235416,50.04441993203558,47.742112155356665,Squat.mp4,165
51.056597017611395,49.258528112892996,48.533095194744995,46.38829566754839,Squat.mp4,166
49.40873813316493,47.70495329213112,46.394274853871295,45.1627075603642,Squat.mp4,167
47.925682853980895,46.355828488640626,44.503096353873715,44.03449389571653,Squat.mp4,168
46.568970036338555,45.001205207451434,43.79865721509089,42.97241592874635,Squat.mp4,169
45.35950322352003,43.73083576101614,43.033217169322754,42.05614934380167,Squat.mp4,170
44.27402913632691,42.58134397135588,42.476669406492356,41.562029402754526,Squat.mp4,171
43.35148954442367,41.57543379338866,42.50496316523773,41.28433501203404,Squat.mp4,172
42.62602705750055,40.8616708268167,42.792617233390025,41.31005825908656,Squat.mp4,173
42.125856461227485,40.402812534617496,43.563897005573736,41.66151338645275,Squat.mp4,174
41.965104177345516,40.178620695376594,44.87184113974432,42.90922790854272,Squat.mp4,175
42.20338476666996,40.21367214085212,45.96994877594688,44.64038005401752,Squat.mp4,176
42.94050124692799,40.55292788351359,50.528407740375776,47.21596470560785,Squat.mp4,177
44.23275188186386,41.22576865694527,54.07221179316335,50.6077838473056,Squat.mp4,178
46.33952091705259,42.60125055401421,58.12822583520517,56.03171825835511,Squat.mp4,179
49.0976632629231,44.56880272716297,60.937857473840154,60.61705468018016,Squat.mp4,180
52.39079720756778,46.886211521119016,66.01472175985413,64.71345099896547,Squat.mp4,181
56.10194925710887,49.66232262075253,73.00261111060684,68.88729225533041,Squat.mp4,182
60.48349464550645,53.210108327179334,78.90268927569605,75.31119777280054,Squat.mp4,183
65.43624033642834,57.426372424989566,82.92251269678849,81.8851845420611,Squat.mp4,184
70.8326903230096,62.057734003394685,87.91399859904311,88.38293375337446,Squat.mp4,185
76.43585518395034,66.9477614898778,94.41685595354267,95.2538722849402,Squat.mp4,186
82.26170637911176,72.1690517479268,99.30877581949863,101.39801304631015,Squat.mp4,187
88.38887465695286,77.92781878305586,108.33820276770626,107.6036289438531,Squat.mp4,188
95.0406025395515,84.21024850923928,117.86276461566942,115.44938743352097,Squat.mp4,189
101.80627047732857,90.74576585433651,124.51278574213765,122.67087333723998,Squat.mp4,190
108.86083329086658,97.8716841531436,132.6379037030071,131.2671242368272,Squat.mp4,191
115.99162701836215,105.34582064127983,142.80987537526633,138.2984898458435,Squat.mp4,192
123.15245020013252,113.12405147340279,151.19411571978037,145.37963455733276,Squat.mp4,193
130.44358146953672,121.29926230170518,157.67777871683606,152.4359319321395,Squat.mp4,194
138.20456396103017,130.21117149517585,166.4345715247348,161.93050638430734,Squat.mp4,195
146.2354305301053,139.48852820064386,174.4449627433676,171.66545341704685,Squat.mp4,196
154.1882284509611,148.40060025335006,179.72886843162553,178.34045878323062,Squat.mp4,197
160.9484197961684,156.40340216036603,177.1824212327331,178.58846365327824,Squat.mp4,198
166.75481494697374,163.36696732874125,178.5760981859135,178.94325590148074,Squat.mp4,199
171.56704603243472,169.24283017745697,178.24101814417864,179.06525215555976,Squat.mp4,200
175.2473646468628,173.91659536275546,177.29198969826462,178.19816223313626,Squat.mp4,201
177.66624822958752,176.87281211838723,179.0893572935135,178.86269146338014,Squat.mp4,202
178.53829635879018,178.35695788269885,179.59069644887578,177.7697903214655,Squat.mp4,203
178.4120522667089,179.01139147296175,179.30336018684312,177.4567501386617,Squat.mp4,204
178.2958345492138,179.27420980782102,179.6473078649598,177.77493963081238,Squat.mp4,205
178.16857329304415,179.47351370141726,179.67792571425838,178.0524271082934,Squat.mp4,206
178.03326913186336,179.55632249256522,179.3477518809115,178.11812302729425,Squat.mp4,207
178.00462423752387,179.52050041635817,178.90346803687876,177.9976479727599,Squat.mp4,208
177.82932678278794,179.56694992301752,178.59733637862809,177.63560928022844,Squat.mp4,209
177.80825159547945,179.6261137827,178.40995030543183,177.62226401030594,Squat.mp4,210
177.83445579906723,179.747562326028,178.35021073616264,177.64017956377648,Squat.mp4,211
177.8173508360498,179.75458764293018,178.271035164364,177.65520488969008,Squat.mp4,212
177.75356591282008,179.80512800049584,178.28348098753804,177.60593264568553,Squat.mp4,213
177.67495315392907,179.86245671862608,178.2207237828619,177.56783371505722,Squat.mp4,214
177.603515711953,179.88785296967473,178.11634101496077,177.49758587892728,Squat.mp4,215
177.5715234160045,179.84104109287725,177.81244607991022,177.411663208589,Squat.mp4,216
177.5330376823436,179.7874577836524,177.53240345642428,177.35286387467966,Squat.mp4,217
177.4874435486154,179.7254554625917,177.18815140830645,177.32102062767925,Squat.mp4,218
177.43100569398783,179.64379287860342,176.8313105055167,177.26013990729663,Squat.mp4,219
177.38071102923072,179.56408855197634,176.52064774853213,177.25386999238623,Squat.mp4,220
177.33692359977462,179.4971230921291,176.18810393632694,177.26132170886433,Squat.mp4,221
177.30681989489864,179.4374176951751,175.91708594817382,177.28685994479508,Squat.mp4,222
177.2992276686276,179.38093012145958,175.76427042490755,177.3585176246921,Squat.mp4,223
177.32975640659316,179.31897230316596,175.5483676431149,177.56656504043866,Squat.mp4,224
177.37924903151097,179.2683189872184,175.461383115283,177.6674690021039,Squat.mp4,225
177.4539897050187,179.266833276052,175.3744333194972,177.7833246218507,Squat.mp4,226
177.58649523238833,179.34826116137137,175.9994167023667,178.18140868397361,Squat.mp4,227
177.87056161970938,179.26202760449738,177.12033230181314,179.24978642011143,Squat.mp4,228
178.05112317936232,178.70062450983048,178.50985470731717,178.5507908623659,Squat.mp4,229
177.60628746087204,177.402336626524,178.15539257785267,174.24466759526015,Squat.mp4,230
176.21354375783352,175.133188158329,172.4058506551508,167.81735911916886,Squat.mp4,231
174.2969659247792,172.2937198406953,170.43901773983723,164.25142417072362,Squat.mp4,232
171.6001788069486,168.54948800710233,164.78439143416043,158.90581479703644,Squat.mp4,233
168.25770592631062,164.00090960278797,159.95953067240762,154.78409851950815,Squat.mp4,234
164.01148322168675,158.8378158136845,155.73839368939534,149.5262274877441,Squat.mp4,235
159.27214358194428,153.55256526164402,151.50358103738859,145.37541338416878,Squat.mp4,236
154.13986204561456,148.0708046694249,148.28998991765536,138.31869684095207,Squat.mp4,237
148.9539835489836,142.67872931013346,140.68188694477857,131.51620964275193,Squat.mp4,238
143.5997182323063,137.13650352101573,135.87541011541003,126.77156695398253,Squat.mp4,239
138.50549430353053,131.7727034729024,130.329507343671,123.24624729560605,Squat.mp4,240
133.55934302601872,126.5951706665843,127.0782050378813,120.16103957692548,Squat.mp4,241
128.73702882297195,121.66559324575933,123.49276779187264,115.7700280664167,Squat.mp4,242
123.91538527410171,116.74576857155873,117.19871790252483,111.62390854207732,Squat.mp4,243
119.50210433878708,112.2446522209494,109.53464795788562,107.42573029374955,Squat.mp4,244
115.75864516186837,108.28284052506494,105.74303952987319,105.31199540432095,Squat.mp4,245
112.38683845590006,104.66731127704307,101.88763152048438,103.16892001220441,Squat.mp4,246
108.97383396105215,101.25777055776665,96.77752117240095,99.35521583167065,Squat.mp4,247
105.48596131394382,97.87063230337564,93.78234637180248,95.74593104716723,Squat.mp4,248
102.20466592594026,94.5765663569509,91.25669334208925,92.80096035039173,Squat.mp4,249
98.93403022940416,91.3100384805506,88.4487206301298,88.7294586663246,Squat.mp4,250
95.75747727991055,88.08076967221335,85.01320695888916,85.18985964729427,Squat.mp4,251
92.35457607146667,84.88669605010286,79.83984279424504,81.4916869452137,Squat.mp4,252
88.74529789652252,81.70060904820583,75.10943624936317,77.90397278759536,Squat.mp4,253
85.16545528870253,78.58116442707374,73.47071246643685,74.29631757693079,Squat.mp4,254
81.54852805864334,75.55717275958098,71.32419922972724,70.42744043675293,Squat.mp4,255
78.03913018497202,72.58163739835207,69.14708609420586,68.23517523469252,Squat.mp4,256
74.57521358703404,69.74675286663147,65.87662862346048,64.48204248075882,Squat.mp4,257
71.1572834052996,66.99613413030237,62.069423289572796,61.26434837515302,Squat.mp4,258
67.84721575399419,64.29439425876957,59.11047378417612,58.3212133860759,Squat.mp4,259
64.68179758865531,61.574699312446675,56.31066012301563,55.74604563022325,Squat.mp4,260
61.761120202221825,58.89128054119859,54.071200606322044,53.85157587189633,Squat.mp4,261
59.03732996030174,56.33472567397659,52.85876675036104,51.360908743312336,Squat.mp4,262
56.20166699664504,53.82863538038679,50.09165629809268,48.38553448909562,Squat.mp4,263
53.56897914884814,51.37889982141677,46.96800586375576,46.05322754618057,Squat.mp4,264
51.13756740913431,49.00701045128925,45.19112455079114,44.24446619715622,Squat.mp4,265
48.8774615325654,46.65874431295216,43.37095132589604,42.50047225009342,Squat.mp4,266
46.750756703547275,44.411020725030816,42.24545627958375,40.85911182709648,Squat.mp4,267
44.828350824682936,42.548587004753166,41.671006375679525,40.39473471984586,Squat.mp4,268
43.3397951011225,41.06484080364089,42.59174668400898,40.94101867838931,Squat.mp4,269
42.50297778356004,40.07865550150712,44.62304519243063,42.52781326615843,Squat.mp4,270
42.177477265520444,39.59159444471048,46.3289747572484,43.77472391990341,Squat.mp4,271
42.58234281016315,39.559943834421674,50.5725620441882,47.078525009655166,Squat.mp4,272
43.92977775506249,40.34201619961284,54.642282736581095,51.93251686438879,Squat.mp4,273
46.27382013349243,41.94519661208682,58.54471313263901,57.26740847610603,Squat.mp4,274
49.323097727986934,44.0237513017645,61.732006008128565,61.73967788130744,Squat.mp4,275
52.866789755587284,46.55672743371469,65.59171172925755,65.74686287159176,Squat.mp4,276
56.902832736764545,49.65569710511395,72.44233854458537,70.78011413439924,Squat.mp4,277
61.64259541800904,53.40429090707893,78.84178629082788,76.95306268861486,Squat.mp4,278
66.78326225576993,57.672066580597296,83.19951735532788,83.06319287398134,Squat.mp4,279
72.1080135095941,62.04971530132244,88.1574574981172,89.20577564115808,Squat.mp4,280
77.5408687803604,66.77688068148552,95.12544262201084,95.29739537147015,Squat.mp4,281
83.27874177368226,71.85138887966049,99.80927664737857,101.9047888345604,Squat.mp4,282
89.27281570040635,77.40120829348885,108.66207775331881,107.70538035866042,Squat.mp4,283
95.65680819263459,83.29555960490154,118.35503356208702,115.46806157999683,Squat.mp4,284
102.09955635950608,89.41296809639076,125.75125130197421,122.05229985671528,Squat.mp4,285
108.89712505856743,96.28372373138669,136.8201931133638,130.64617376741083,Squat.mp4,286
115.91660245007606,103.81967466655439,143.60796731928085,138.34211738171848,Squat.mp4,287
123.05573352514249,111.51585313292284,153.25160295814027,145.27131289693517,Squat.mp4,288
130.21766559522442,119.52505487524395,158.09328859430082,152.03831332513383,Squat.mp4,289
137.62781783206066,127.83731573727968,162.3591599772859,159.5764460165142,Squat.mp4,290
145.34402579751915,136.6559376580283,173.11261493878234,169.48151733820632,Squat.mp4,291
153.0965666527439,145.4707744902813,179.27912481270724,176.3200858432884,Squat.mp4,292
160.0056253892795,153.52063736745495,177.30933997194762,179.0095849231599,Squat.mp4,293
165.7227530893649,160.51461072702085,177.4607566000206,178.36201128231622,Squat.mp4,294
170.54498683244157,166.48813019330038,178.06524566241401,179.02694909847216,Squat.mp4,295
174.39691948799768,171.45768686833077,177.81800828329273,179.00184191402673,Squat.mp4,296
177.0798369576383,175.23325325913524,178.24566469036984,178.35686830399834,Squat.mp4,297
178.34217482409167,177.43958292606413,178.49687346064118,178.3178824033799,Squat.mp4,298
178.54793933483788,178.56290198530604,178.1576718144602,177.76043741851203,Squat.mp4,299
178.39438788399528,179.11426095780627,178.60542770095662,177.9347247672616,Squat.mp4,300
178.33188479077324,179.39916317397928,178.32482906650026,177.9244896297618,Squat.mp4,301
178.18202094118325,179.6536239951528,178.5060678366824,177.97790215134225,Squat.mp4,302
178.0437265179124,179.75386457793533,178.60208093451547,178.0337809511309,Squat.mp4,303
178.01603875031438,179.7003208178826,178.69965735085728,178.1630539308122,Squat.mp4,304
178.0007856464857,179.62637780822723,178.6924918264158,178.21111067657927,Squat.mp4,305
178.06566803075884,179.62710235592118,178.67765444313508,178.21461410842372,Squat.mp4,306
178.09515853089587,179.58217158334065,178.71277513486638,178.14115826822112,Squat.mp4,307
178.12027966035149,179.53370770319907,178.71028985032228,178.10033753595067,Squat.mp4,308
178.12841245814028,179.50585032720278,178.70021410457497,178.03483173586386,Squat.mp4,309
178.11759389126996,179.52876923648438,178.60391458521195,177.95805098303887,Squat.mp4,310
178.077092172963,179.59712948976406,178.59279645788254,177.8795419026636,Squat.mp4,311
178.01790460820152,179.6648544890938,178.52408252145185,177.796797723249,Squat.mp4,312
177.93991582461322,179.71914718190985,178.47792973922608,177.66869262330542,Squat.mp4,313
177.85977438113966,179.7426602166056,178.38704074345947,177.58016816390622,Squat.mp4,314
177.77727800729085,179.7385528114259,178.22990395665394,177.52286291900887,Squat.mp4,315
177.7034743003091,179.70289922071842,178.03832668857396,177.5182057869916,Squat.mp4,316
177.6399071504114,179.62757213808194,177.82401270485028,177.51308093375516,Squat.mp4,317
177.5867602227477,179.53074866382477,177.58025247447586,177.50751340901778,Squat.mp4,318
177.5463790871532,179.4507927431554,177.2866471891161,177.51412977408742,Squat.mp4,319
177.5345496734455,179.41229056473466,176.88229054083254,177.58588672735135,Squat.mp4,320
177.555986056761,179.42445421877622,176.53054514333704,177.73022284711456,Squat.mp4,321
177.60049535797108,179.47572992604668,176.3644546842399,177.83442802747948,Squat.mp4,322
177.6672717963508,179.54563173555965,176.34062966472845,177.98564085564985,Squat.mp4,323
177.8026318928802,179.5107605110061,176.19852056365585,178.46060160946104,Squat.mp4,324
178.06228411178526,179.27471395137778,176.4729431015077,179.32507894135333,Squat.mp4,325
178.32456042102305,178.73067941953514,177.46957591431422,179.35006393875165,Squat.mp4,326
178.29877594501613,177.7525261246597,179.22385502144596,177.4053953953031,Squat.mp4,327
177.8222945465322,176.2077971271572,178.35110231341454,174.39485305772678,Squat.mp4,328
176.7276678064201,173.88274729438731,174.34114233586004,170.17204084669498,Squat.mp4,329
175.0894684442999,170.90021016344295,172.93560160706508,166.51824532080843,Squat.mp4,330
173.0817881862931,167.61611853268076,171.22005940113604,164.40683980341356,Squat.mp4,331
170.2915183214256,163.76842907763447,166.17122846654382,159.79318988728056,Squat.mp4,332
167.08425012576464,159.753984998747,162.28456762612404,156.89918656912505,Squat.mp4,333
163.65672172108808,155.6321270724198,157.9817221950639,153.41269656256722,Squat.mp4,334
160.042478479351,151.32152476967767,153.81925820386667,149.09515036556695,Squat.mp4,335
156.31111328163516,147.093204912628,150.25295181762536,144.05248446268413,Squat.mp4,336
152.21548600390437,142.69291414715318,144.42912891118235,137.84885437669317,Squat.mp4,337
147.81741261361952,138.0332841153581,139.7468330833485,133.62032607141964,Squat.mp4,338
143.51570063388397,133.40894429176132,137.02278012198028,129.68120602913163,Squat.mp4,339
139.29653105189462,128.84823002689967,133.3895816277405,127.36499949519958,Squat.mp4,340
135.00182200396722,124.26383166097102,129.50757791040206,123.3497332270754,Squat.mp4,341
130.73735370938147,119.92580481014336,124.3652385825385,119.2438723034665,Squat.mp4,342
126.72075258803002,115.85003536469856,120.79105236019302,115.93627661322432,Squat.mp4,343
123.18185991990175,112.16025405700397,115.9875361955225,113.07660569979512,Squat.mp4,344
119.94412794130675,108.76212992204088,111.03751091569063,110.95620222125467,Squat.mp4,345
116.92896144112092,105.73259305235813,109.31818258663927,108.57504052783091,Squat.mp4,346
113.92428606755645,102.76086453354733,106.43629439780622,106.33227188024836,Squat.mp4,347
110.82523939219593,99.61773021505326,100.20019407122504,101.65640649955162,Squat.mp4,348
107.92066628053863,96.44690660280617,97.29261421283053,98.91186052186555,Squat.mp4,349
104.99630660272553,93.04225133512423,94.90297369324423,95.46575886853253,Squat.mp4,350
101.96479887375702,89.70398603646596,93.32738100309825,91.85605159701544,Squat.mp4,351
98.82477732243557,86.44005683239789,91.20709311675756,88.97605136200445,Squat.mp4,352
95.7240390480922,83.30266158766376,86.02028698209944,86.8698726074274,Squat.mp4,353
92.49492641299238,80.14544637749734,83.15188948961412,83.72848343454973,Squat.mp4,354
89.49375591572048,77.42984478566378,80.84937055487899,80.64821301864828,Squat.mp4,355
86.5953994312174,74.90133161394839,79.24110871256539,78.62336513034387,Squat.mp4,356
83.9485195621239,72.77613242151571,78.17581824068435,76.93759978487816,Squat.mp4,357
81.48171680200441,70.7940034026629,76.38077015765361,74.5884322761791,Squat.mp4,358
79.02750194064338,68.74032706131497,74.17581682951379,71.79654733247713,Squat.mp4,359
76.52187787439948,66.66188470715977,70.7634336601439,69.33050414372002,Squat.mp4,360
74.26037338140343,64.76320474083052,68.5472676393565,67.89795198357751,Squat.mp4,361
72.2445298711878,63.0027407871981,67.26525156652195,66.53730844713874,Squat.mp4,362
70.29356036798181,61.33167407615462,66.2601248377436,64.96657860790197,Squat.mp4,363
68.30155505004078,59.60667307732199,65.08633470842926,62.99356255929098,Squat.mp4,364
66.36066585026244,57.921626985349384,63.206167254422894,61.002207877730655,Squat.mp4,365
64.60076866573175,56.461480414312334,61.85796350737314,59.4772670407624,Squat.mp4,366
62.92860281053099,55.09424409891754,61.670732466944344,57.62534315731466,Squat.mp4,367
61.2845249357463,53.71355041029518,60.31862548410601,56.389406860084705,Squat.mp4,368
59.73400081939793,52.276859517746665,59.17189984103091,55.683639632700135,Squat.mp4,369
58.29417055195029,50.94273059915181,58.131902506412715,54.88776673576848,Squat.mp4,370
56.849733857014385,49.55696225417774,56.64262775292453,52.88250569473968,Squat.mp4,371
55.55640460038453,48.224833260887195,56.4561271208377,51.948903081321646,Squat.mp4,372
54.36498738051817,46.96251181023712,54.85895113081188,51.13734650169789,Squat.mp4,373
53.281902872717616,45.66168339144408,53.724879018815166,50.043751602710756,Squat.mp4,374
52.27962281696996,44.47564653838079,51.80831071676661,49.37344646985115,Squat.mp4,375
51.33001250093725,43.44966634339414,51.43444881349993,49.03636742047117,Squat.mp4,376
50.532699792083655,42.60725249343496,51.279435865809425,49.30657777379329,Squat.mp4,377
50.09346220122647,42.19218029971138,51.2769444076422,49.80784255873939,Squat.mp4,378
49.834597213729204,41.9726434148298,51.287912374302415,50.1368481688408,Squat.mp4,379
50.13593356453704,42.2825511632526,53.46416601382217,53.24670095735269,Squat.mp4,380
51.135102859929816,43.141680648481255,57.39217604571815,57.037936670460226,Squat.mp4,381
52.7627078250401,44.46362023916525,61.70715696365346,60.76668122562319,Squat.mp4,382
54.94539598364781,46.37855542470921,65.94390936402039,64.3151845307251,Squat.mp4,383
57.67067793353845,48.709785410641196,71.65226041244892,68.38355142302771,Squat.mp4,384
61.08374528510234,51.65881298288481,78.54395368158151,73.69931401968665,Squat.mp4,385
65.32313978357465,55.35407061364818,84.56492133974831,79.81260965814693,Squat.mp4,386
70.02479958865032,59.225250213094796,88.5661741869107,86.15831959288244,Squat.mp4,387
75.25275094797404,63.41689418353228,95.10828015451699,93.63359618572616,Squat.mp4,388
80.83471792730879,68.00293338807842,99.8331984971993,99.84045008096649,Squat.mp4,389
86.88470497916713,72.90819553665092,104.68228835387151,106.66509389373348,Squat.mp4,390
93.19710679424186,78.3124713927698,116.02470950178414,112.57036412855089,Squat.mp4,391
99.83676223848097,84.11409320473432,125.00229948685154,120.17690212936046,Squat.mp4,392
106.56458072200685,90.20977339295085,132.89594740703706,126.90733904282811,Squat.mp4,393
113.39841550869362,96.80459635239079,141.72306407894092,133.99516309968993,Squat.mp4,394
120.35429485454873,104.11083526574723,148.4310664347665,142.3247516067118,Squat.mp4,395
127.44987615125594,111.80246574991816,158.25104875783308,149.50951915791703,Squat.mp4,396
134.56294215123762,119.73242628142279,163.2395343189797,156.45655589360516,Squat.mp4,397
141.8896817923737,127.9253719111913,169.09765512911991,163.8575416165036,Squat.mp4,398
149.267612535624,136.35731158410007,174.69047275575048,171.82241733211254,Squat.mp4,399
156.59867660655124,144.7399025356893,179.58933301246245,178.22478753931875,Squat.mp4,400
163.01891834148006,152.44479598955243,178.29769242205023,178.93685524419152,Squat.mp4,401
168.06086578751007,159.09196632519385,178.2056968493008,177.6183837289219,Squat.mp4,402
172.05983649364893,164.74410706102603,177.28930705430642,177.50231410088924,Squat.mp4,403
175.23285019848294,169.2309382065714,177.87088024864553,178.66765182744302,Squat.mp4,404
177.28144134349847,172.67855548440713,177.86386088706422,178.19767963161237,Squat.mp4,405
178.2097752653031,174.8188878637877,177.58604496852882,178.32075478474508,Squat.mp4,406
178.2167785361631,175.91763264531326,176.79201239841404,178.27381043533856,Squat.mp4,407
178.08690804149992,176.60996189494023,176.67418703763687,178.02776178154915,Squat.mp4,408
178.16187246865107,176.95783821461984,176.85911632703326,178.14313471898006,Squat.mp4,409
178.26624456941948,177.11188820785546,177.0996724841308,178.23291880626815,Squat.mp4,410
178.22526627264577,177.2679437920122,177.31820641356742,178.380803750027,Squat.mp4,411
178.23177700262522,177.2411808832694,176.89150669757456,178.2432547414685,Squat.mp4,412
178.18748905867304,177.22678027458167,176.64651365444678,178.0107391770797,Squat.mp4,413
178.14122642473217,177.21179738668368,176.53605181040368,177.94997199775275,Squat.mp4,414
178.12621862417245,177.17323055519645,176.63351488378947,177.92270717763085,Squat.mp4,415
178.07491207083086,177.20366592280274,176.66154744054018,177.78398884558888,Squat.mp4,416
177.9830703827636,177.33324982616836,176.40885116054952,177.59002698979742,Squat.mp4,417
177.8456206403051,177.56362607427167,176.51256450446738,177.41865555281777,Squat.mp4,418
177.72236044103556,177.7825738841782,176.88641173064158,177.38043334658147,Squat.mp4,419
177.6166678163527,177.98566816927288,177.46409922796073,177.27089080429982,Squat.mp4,420
177.5091423473269,178.19202732438052,177.83112914207527,177.19729371457223,Squat.mp4,421
177.40359318284237,178.39958920232033,178.2257911015539,177.18386302623918,Squat.mp4,422
177.32251473625212,178.5659821707745,178.8088150169994,177.216439719457,Squat.mp4,423
177.27566462302647,178.66520632673155,179.10876656585808,177.26207619721794,Squat.mp4,424
177.25201480522932,178.71416397768772,179.19404331174468,177.2531068282377,Squat.mp4,425
177.22228758537284,178.80344664610206,178.85177116115256,177.17234280758606,Squat.mp4,426
177.20885921089348,178.9514793610552,178.45252752159598,177.17689218294444,Squat.mp4,427
177.20206804212194,179.0871810313526,177.98848714841833,177.14975553317132,Squat.mp4,428
177.19545808895379,179.17624066185653,177.85064482699207,177.13759335406203,Squat.mp4,429
177.16714384703752,179.22024301414666,177.86295553493042,177.018240026043,Squat.mp4,430
177.13721917791625,179.2554841745405,177.88963153866013,177.0526035133695,Squat.mp4,431
177.13982034078396,179.3146175806728,177.98247454861158,177.2713149683113,Squat.mp4,432
177.23786341582746,179.41546170646998,178.21304355529992,177.8586443328906,Squat.mp4,433
177.46742158192976,179.21428768805941,179.54817149069464,178.78379934566058,Squat.mp4,434
177.70532019774853,178.53580045528568,178.6571390779203,178.81504584390277,Squat.mp4,435
177.3471772121041,177.25864891855798,175.83412658226123,174.63059245455105,Squat.mp4,436
176.3590575128879,175.22993214750682,171.94865713415277,170.1014021315295,Squat.mp4,437
174.8986193014961,172.56349144945884,170.8304864875336,166.82953603362665,Squat.mp4,438
172.90276486738435,169.21762177816623,169.1102539154475,163.30033392952924,Squat.mp4,439
170.28850785328183,165.0091807011698,166.332600362055,159.55884523417308,Squat.mp4,440
166.88212345452916,160.12941107210227,161.375150186699,154.93910855439185,Squat.mp4,441
162.77926955754984,154.81185912051544,157.1938691323403,150.09506856504746,Squat.mp4,442
158.4383558689777,149.2129509430619,151.6621007622592,144.24419663454623,Squat.mp4,443
153.89277563825627,143.52911961663634,146.1754087532969,138.2823405164792,Squat.mp4,444
149.1042120077776,137.68650626898855,142.0216353136684,133.3095906202762,Squat.mp4,445
144.451693551773,131.9851901760383,137.40211091574878,130.732704737497,Squat.mp4,446
139.66867875726032,126.37458417613941,133.9109528031346,126.07774167258441,Squat.mp4,447
135.05465469538282,121.1530781298561,130.06529986750445,122.64094012124926,Squat.mp4,448
130.61661441134802,116.36441572433093,124.31587977560957,119.0287865768039,Squat.mp4,449
126.49046725060123,111.96746683332618,116.65062558896491,115.36116650931868,Squat.mp4,450
122.81171293608675,108.17203834090802,113.0899253303509,112.5310603148778,Squat.mp4,451
119.41940149655814,104.7285846808563,109.12103083413126,109.56341054357594,Squat.mp4,452
115.94972595375654,101.43424385850462,104.80769084554635,106.44497593788577,Squat.mp4,453
112.62452380234689,98.25722984148317,102.646137845429,102.80132661271682,Squat.mp4,454
109.32899564636351,95.07555269370788,99.64361084469414,99.57224302936555,Squat.mp4,455
106.13643704981415,91.95062017112356,96.2245113267162,96.68087640095831,Squat.mp4,456
103.10846008910565,89.087614903334,94.60460276467859,94.16532778435925,Squat.mp4,457
100.13927100078202,86.3098668034529,92.24744339537204,91.74673669661246,Squat.mp4,458
97.27487346711106,83.71316279600488,89.57283263366327,89.5126278078792,Squat.mp4,459
94.57245429620234,81.16085696633078,85.41080089941835,87.52804174152482,Squat.mp4,460
91.95959107142757,78.83120937132844,83.26162888264281,84.51128403929346,Squat.mp4,461
89.34052503797763,76.60605878853714,81.78354850763077,81.23878079521592,Squat.mp4,462
86.82775053776166,74.50902527636741,80.38367895960903,79.09145489944643,Squat.mp4,463
84.31832183610952,72.4560746891843,78.7478092672144,76.59932687279434,Squat.mp4,464
81.86408920983366,70.32632713247081,77.23876311362375,74.56710831268146,Squat.mp4,465
79.52034469850612,68.23541630749466,75.27710638984672,73.10641622858634,Squat.mp4,466
77.17918884533881,66.23210445738951,72.1124182998629,71.13995076935379,Squat.mp4,467
75.08507225824351,64.39560010707048,69.24541913976168,69.85246792962636,Squat.mp4,468
73.08433294282119,62.68690637553556,67.6938130407068,67.23360558725966,Squat.mp4,469
71.11420139736654,61.0099369242403,66.14923954648293,65.30053408126383,Squat.mp4,470
69.25674209880682,59.36126634354866,64.52271799227276,63.59711178287637,Squat.mp4,471
67.27834041009122,57.66522282221124,63.172671329911964,60.71829649167216,Squat.mp4,472
65.26326415670776,55.98393738333239,62.07007759338546,59.000882454902126,Squat.mp4,473
63.2852191944798,54.31549279934796,61.75131896494423,57.293636033758105,Squat.mp4,474
61.268324578771114,52.569373385376984,60.513357045151686,55.734205619665545,Squat.mp4,475
59.519858903741586,51.031356493137345,59.295219691054996,54.99434586205297,Squat.mp4,476
57.837264950160886,49.5677162439071,57.712280192209874,53.52237640619893,Squat.mp4,477
56.26127568544298,48.12368610259533,57.21469937919747,52.56518692985105,Squat.mp4,478
55.02271590877999,46.91466053959255,56.830425522700075,52.04837805503121,Squat.mp4,479
53.98844853041372,45.86582410042163,55.439204934032645,51.76101080633822,Squat.mp4,480
53.055273850494515,44.884082329325494,54.28448444549015,50.76141327432367,Squat.mp4,481
52.2471211246831,43.919975843676966,52.254169024513274,50.07713653898566,Squat.mp4,482
51.44417482921359,42.950997155456584,50.99157428848601,49.373721793766386,Squat.mp4,483
50.83039738619124,42.13032457355365,50.49673772060941,49.225934305042465,Squat.mp4,484
50.25134588954733,41.40802036372005,49.48283670987629,48.5118264533437,Squat.mp4,485
49.68231572034873,40.689070675515346,49.33667185854056,48.06516687064102,Squat.mp4,486
49.24521083976841,40.14374533897104,49.45589880668873,48.70127664227603,Squat.mp4,487
49.03121529568505,39.81097185453266,49.584024984817134,49.263444465740115,Squat.mp4,488
49.14667842787411,39.80936179375793,50.918932494245844,50.88537846430906,Squat.mp4,489
49.8228617541573,40.31666857481918,53.57922302586023,54.10700507774874,Squat.mp4,490
51.10880791282311,41.207249982468724,57.873486845939105,58.227557415703075,Squat.mp4,491
53.04359645316072,42.57580394572556,63.009328966914666,62.05534623570696,Squat.mp4,492
55.50301658488666,44.44788196386289,66.5799503859431,65.2811077927226,Squat.mp4,493
58.507667887064606,46.743224374749616,71.68107556957005,69.73383575752172,Squat.mp4,494
62.04243820773814,49.57262862941245,76.8220847492679,74.00683671045482,Squat.mp4,495
66.07754373424305,52.99662582282809,81.64441308433254,79.13111714984342,Squat.mp4,496
70.36079242855992,56.58507892457336,86.61424492134853,84.08974593796682,Squat.mp4,497
74.86344570377553,60.41533848433188,91.67514625896086,89.74613034221238,Squat.mp4,498
79.69971335429774,64.69620766933897,97.59919336278051,95.90921978936245,Squat.mp4,499
84.87205079833244,69.21888191344117,101.70589736997192,101.48746990096544,Squat.mp4,500
90.18161160645037,74.09100205238566,106.03753707156281,106.90076141434739,Squat.mp4,501
95.67162246285453,79.34827028809171,117.24765614673208,112.43691270528382,Squat.mp4,502
101.18783643013441,84.7238649434503,123.24405109655098,117.74461492080252,Squat.mp4,503
106.70127046278137,90.34941488039819,127.87598183956058,122.68378416649557,Squat.mp4,504
112.1100589610093,96.36351831781542,135.30757693664782,127.60764982980803,Squat.mp4,505
117.5446137298896,102.60276875867677,141.67552305261756,133.95110317152447,Squat.mp4,506
123.01665829956563,109.24690537732603,147.72562516051576,139.79178188869776,Squat.mp4,507
128.6465583254887,116.03446682887677,155.30967247220548,146.3100615958089,Squat.mp4,508
134.43984492992794,122.87486846386568,158.9611989630527,152.98991893635844,Squat.mp4,509
140.35835854405966,130.1463352257393,164.29238700964592,159.17421021972447,Squat.mp4,510
146.8975444117064,138.04543163734118,172.07329272147325,168.45808524002288,Squat.mp4,511
153.6771760120542,145.90927626878909,178.32399327194042,175.0650710322424,Squat.mp4,512
160.1742080523641,153.36887592791768,179.27018408744112,179.43032745369376,Squat.mp4,513
165.9073182627028,159.95886346490963,177.8190670613753,179.92355336106877,Squat.mp4,514
170.68650554461004,165.59867545684554,178.7440845437109,179.76437256915952,Squat.mp4,515
174.54364582718276,170.4439412125523,178.7383415577626,179.9899009143676,Squat.mp4,516
177.37867487186472,174.22727676741547,178.33785896597558,179.01941353249833,Squat.mp4,517
178.89097343209446,176.5079335669947,178.5545249693658,179.04417516163073,Squat.mp4,518
179.43996305224272,177.87397478997937,178.71902684655973,178.9079983732802,Squat.mp4,519
179.28361181696604,178.54080295756737,178.2710795757539,178.33586880675722,Squat.mp4,520
179.04285773374122,179.03432989355449,177.69563084339876,178.23827477849508,Squat.mp4,521
178.86337582555592,179.49655718568926,177.696347279489,178.50799921186237,Squat.mp4,522
178.68272919153688,179.67993208717073,177.6103066259406,178.7253744762343,Squat.mp4,523
178.65347850336508,179.65973116438633,177.63334515696448,178.81465871529556,Squat.mp4,524
178.62274483934382,179.64935886081003,177.68447975253736,178.82903951348203,Squat.mp4,525
178.60849811798968,179.61523684179437,177.7743041046703,178.8082713238011,Squat.mp4,526
178.6499048829234,179.61524340293977,177.70461244302854,178.62571616129338,Squat.mp4,527
178.69011791782168,179.59419842427704,177.68659072836562,178.51976602278305,Squat.mp4,528
178.68106530400118,179.53556261001512,177.58508111464107,178.44463091511892,Squat.mp4,529
178.64135006102862,179.51352210043345,177.47534656516305,178.44736777542622,Squat.mp4,530
178.58550350684692,179.52109647725288,177.36336919633376,178.4237328360236,Squat.mp4,531
178.52197174164348,179.5471577630962,177.2945817207564,178.38431715705823,Squat.mp4,532
178.46102893354686,179.57537307989423,177.19924578413375,178.38167166712464,Squat.mp4,533
178.42622602587676,179.5909311368455,177.0740635337765,178.38209580760278,Squat.mp4,534
178.40498569385423,179.60365248244892,176.96926305570403,178.37108369862528,Squat.mp4,535
178.3940719814293,179.6108993780164,176.93834319876612,178.36823492814423,Squat.mp4,536
178.3805677855223,179.62174969507402,176.9682938910817,178.3528384040772,Squat.mp4,537
178.3692416363274,179.634421864972,176.98972218168564,178.3444497916593,Squat.mp4,538
178.36462592449016,179.6424542696557,177.0410205876819,178.35200717419747,Squat.mp4,539
178.35803826153324,179.6527244000186,177.06680331268495,178.33555802642644,Squat.mp4,540
178.35306332960323,179.65860967990798,177.1201821875001,178.34727128409273,Squat.mp4,541
178.35190834061817,179.65420379112723,177.2998614755513,178.36299877572964,Squat.mp4,542
178.3572381559296,179.62710319325856,177.31343569065518,178.4055436353244,Squat.mp4,543
178.3540425223477,179.5871831679751,177.26573099493214,178.330468969004,Squat.mp4,544
178.35377544474812,179.50901620328588,177.3004914011406,178.34258024846218,Squat.mp4,545
178.3582919140674,179.39663308190296,177.68177427501652,178.38362245943242,Squat.mp4,546
178.4081123663635,179.17991080100478,177.7875670378987,178.6843011924991,Squat.mp4,547
178.5113488362358,178.84394834381828,177.83296568919607,179.06992657319884,Squat.mp4,548
178.68094268972595,178.36888177223722,178.22900804265427,179.5501557501607,Squat.mp4,549
178.88880467104576,177.75656502689336,178.9636224705406,179.8605775045631,Squat.mp4,550
178.96449052625977,176.9139187769638,179.93703929332167,178.8602699555019,Squat.mp4,551
178.85864933487133,175.78546720071222,178.54596511698324,177.601691908743,Squat.mp4,552
178.4767678476966,174.28428622974508,176.0154514770736,175.71045204920938,Squat.mp4,553
177.52348291702538,172.2937067518856,173.48039009074122,172.0113066778009,Squat.mp4,554
176.1315056988612,169.99404505289718,172.83281266834692,169.3260860460494,Squat.mp4,555
174.23542306085795,167.21613898709032,170.75262617044584,166.27757728413795,Squat.mp4,556
171.7654843235056,164.01566438588247,168.11572783700802,162.57100634309649,Squat.mp4,557
169.1052712543197,160.60985297432893,166.36174174119958,160.238778471201,Squat.mp4,558
166.04172253197575,156.75520151326592,161.4264449794426,156.1568508523353,Squat.mp4,559
162.53407464660887,152.3058787712693,158.07372199587797,151.15691685164126,Squat.mp4,560
158.8434213337295,147.72402287824266,152.98849445194827,146.17673348764504,Squat.mp4,561
154.85167971569794,142.8955213597317,148.49619363735277,141.38389471982853,Squat.mp4,562
150.73700363227755,138.04548458713262,145.61658431853044,137.47484470019543,Squat.mp4,563
146.60414103783523,133.2298708286371,141.9603327025018,133.64096818200008,Squat.mp4,564
142.24776380594417,128.31430792977974,137.21612202301176,129.74413784796354,Squat.mp4,565
137.99272012459994,123.65632280084415,134.59885457272478,126.37154508292565,Squat.mp4,566
133.9785475649047,119.57915670092846,130.1639188642137,123.0577089337745,Squat.mp4,567
130.28214809338644,115.85846672536461,126.03644672087555,120.30193718701727,Squat.mp4,568
126.69851059539769,112.3403250372503,119.55677850387255,116.29843223390725,Squat.mp4,569
123.37109346348335,109.16168528793142,114.49178929767245,114.18292477679503,Squat.mp4,570
120.30745251777758,106.236127351251,112.74185145290625,112.19548156205965,Squat.mp4,571
117.43546120696071,103.48474764754302,110.46089089645582,109.64019867224562,Squat.mp4,572
114.52258977299276,100.77605073357384,106.7499115464988,105.98144504514994,Squat.mp4,573
111.73465928922863,98.10162346718343,105.07514778925255,103.54219554742582,Squat.mp4,574
108.9386701443359,95.36145232360651,102.54792341356557,100.730013172768,Squat.mp4,575
106.40266174941065,92.76590575124892,99.59329025191124,98.54637346943065,Squat.mp4,576
103.83742560740197,90.1579047890352,97.28097929156195,96.22627178273399,Squat.mp4,577
101.14238887863326,87.54220708539845,95.66668288209706,93.33022446067878,Squat.mp4,578
98.47247091194542,85.0736186943184,92.02091282795294,90.95077290543082,Squat.mp4,579
95.72785622785045,82.54756533293687,87.10993805749467,86.76914225648517,Squat.mp4,580
93.04600234901501,80.14594114368124,84.47326470298748,84.7692183955777,Squat.mp4,581
90.37298786365396,77.87721427460319,82.56490841652385,82.01891177524061,Squat.mp4,582
87.60807564335927,75.5178338538997,80.54561160348504,79.19198792736779,Squat.mp4,583
84.81464319056097,73.23266259310206,79.40060808051516,76.67224461314589,Squat.mp4,584
82.15265046996998,70.97273989714314,77.11176206103829,74.69627541654182,Squat.mp4,585
79.47642153820367,68.60162853414002,74.09929453984955,72.21717038306667,Squat.mp4,586
77.03556918382718,66.48157845185393,70.8969874263098,69.68317577584975,Squat.mp4,587
74.58645485834623,64.36540128376869,68.22183011784836,67.6254181172111,Squat.mp4,588
72.19928652149615,62.2147825358602,66.23152398147812,65.30873341729006,Squat.mp4,589
69.85837996886406,60.145051949929794,63.88331939775895,62.80564205894308,Squat.mp4,590
67.55664209403128,58.01254939589497,62.46852407669502,60.56007948931642,Squat.mp4,591
65.24404057435966,55.86811799697127,60.91757615448677,58.50806477884055,Squat.mp4,592
63.046514800359134,53.8769495382673,59.82478043937664,56.83448996506297,Squat.mp4,593
60.97835936666327,51.835549453680464,58.65939801423667,55.20608773997873,Squat.mp4,594
58.94001401119761,49.785571933925084,57.12595581191513,53.35700062895148,Squat.mp4,595
57.04829249160632,47.90212945356403,55.52322251155924,52.066682780150984,Squat.mp4,596
55.44940470452512,46.29598116529839,54.421620422722405,51.613427549374705,Squat.mp4,597
54.024161190832665,44.88324150380345,53.26265863603312,50.5833748934692,Squat.mp4,598
52.73349743806876,43.57947403628422,51.48877295519434,49.473418509493214,Squat.mp4,599
51.52518615296664,42.32665621269259,49.71596081735074,48.37631096934817,Squat.mp4,600
50.42435566310204,41.325808428970035,48.256750797777514,47.500274310926535,Squat.mp4,601
49.50297147538038,40.51673315267866,47.22527820547131,46.907311314899886,Squat.mp4,602
48.72210352097414,39.878725075073795,45.93173517247487,46.60060709930726,Squat.mp4,603
47.98908875781365,39.32433958594856,45.32786477161917,46.482324207251274,Squat.mp4,604
47.45338637329194,38.98154251181008,45.634398653558,46.83345820181723,Squat.mp4,605
47.11625634721378,38.88333400634473,46.28164119980183,47.11350832694609,Squat.mp4,606
47.17745443101803,39.08196779947027,47.83046570064348,48.80469755597792,Squat.mp4,607
47.84826132156254,39.58092234925349,52.150898609674044,52.19592254473815,Squat.mp4,608
49.309744761445714,40.69780701117624,56.65147802960274,57.13769539408207,Squat.mp4,609
51.43548398963376,42.2156112029125,62.32252690375361,61.480781696623524,Squat.mp4,610
54.195838009001726,44.2318624110258,66.92171002370088,65.80480234282714,Squat.mp4,611
57.68866553774078,46.79319556650988,73.01525964448689,71.28325090299052,Squat.mp4,612
61.77594699137129,49.83462261646962,78.83954755314727,75.72447850235972,Squat.mp4,613
66.51007296387161,53.39042101046141,84.56822105095068,81.94357936348013,Squat.mp4,614
71.53176900250516,57.36590456250853,89.48068343354413,87.34779481517302,Squat.mp4,615
76.79746583689,61.587980897678776,95.58902254161279,93.99757323477604,Squat.mp4,616
82.26364903024478,66.16906162853117,100.91233214990069,99.74406405010694,Squat.mp4,617
87.9954933092723,70.95941104125846,104.7950647736684,105.92771229601976,Squat.mp4,618
93.709273617665,76.09208164030086,111.40824931249767,111.27971306173953,Squat.mp4,619
99.64859478456381,81.74336432342163,121.23486513402585,117.29972667065132,Squat.mp4,620
105.53383254927293,87.6232116930047,127.66039295132902,123.14024371644393,Squat.mp4,621
111.41185747461539,93.95506004238804,134.77228396433662,128.49396929257017,Squat.mp4,622
117.48011712506388,100.82805856589631,144.36574081044935,136.47539078791547,Squat.mp4,623
123.6180626441707,108.04367502735238,151.00447220696327,142.70968268385474,Squat.mp4,624
129.71523182834179,115.55895047048226,158.2704151546298,148.60789658521736,Squat.mp4,625
136.07701163331552,123.33394569088568,163.87681439590833,155.81217169655577,Squat.mp4,626
142.47099448887744,131.18775143289162,166.79657363362875,162.05760665958456,Squat.mp4,627
149.42004049634372,139.56465788393731,175.63939659862845,171.7835657687078,Squat.mp4,628
156.3111994494527,147.62357279970934,179.73984790090847,176.7320819643329,Squat.mp4,629
162.17729392416862,154.52056025714478,179.4768093959428,177.53805211092708,Squat.mp4,630
167.42755706016948,160.82238798386987,178.87026531194905,179.46152463586083,Squat.mp4,631
171.81616707137022,166.3582257213976,179.56736026890815,179.32816666362257,Squat.mp4,632
175.17551516804264,170.773498830483,179.63076642164435,179.3276083732627,Squat.mp4,633
